Variant,activity
I2R,0.78046127
N4R,1.288794623
K5R,0.471776331
A6R,0.170631798
F7R,0.527751223
V8R,1.616872666
V9R,1.15898547
L11R,0.116724372
Y12R,0.398730658
P13R,0.086564339
N14R,0.49661252
A15R,1.324538558
A16R,0.919708802
Q17R,0.142417691
T18R,1.002981938
E19R,0.911233342
L20R,0.747848786
I21R,0.090385613
N22R,0.686913827
T24R,0.114734557
L25R,0.060707613
G26R,0.875840072
S27R,0.072450656
A28R,0.0328519
F30R,0.07709903
V31R,0.020664066
Y32R,0.04582517
N33R,0.034942879
H34R,0.360831531
F35R,0.012231989
L36R,0.194514824
A37R,0.950856736
I40R,0.526283982
A41R,0.803210937
A42R,0.721118588
Y43R,0.307879769
K44R,1.073022016
E45R,0.732958286
S46R,0.727443361
G47R,0.655301047
K48R,0.947021663
G49R,1.18545386
L50R,0.155308615
T51R,0.478512536
Y52R,0.085954193
G53R,1.127709044
Q54R,0.46764495
T55R,0.081766792
S56R,0.061545087
S57R,1.388379757
E58R,0.192110034
L59R,0.08272403
T60R,0.143410672
L61R,1.444216482
L62R,0.147030976
K63R,0.169247518
Q64R,1.393878069
A65R,1.088957098
E66R,0.997286157
E67R,1.017592456
T68R,0.32983973
S69R,1.492237736
W70R,0.334000823
L71R,0.134311852
S72R,2.074339486
E73R,1.153987061
V74R,0.104122794
D75R,0.439800891
K76R,0.041922472
F77R,0.008711886
A78R,0.010568368
L79R,0.007830661
Q80R,0.00830768
N81R,0.017579382
S82R,0.037785053
L83R,0.018617793
K84R,1.640217036
N85R,0.569463556
L86R,0.319547772
E87R,0.458392782
T88R,1.205823855
A89R,0.265093989
Y90R,0.183211036
K91R,1.100390659
N92R,0.776954354
F93R,0.373668765
F94R,0.542423671
T96R,1.323383953
V97R,1.042598025
K98R,1.287713731
Q99R,1.012051575
S100R,1.409566509
G101R,0.530868716
K102R,1.394516158
K103R,1.26358922
V104R,0.578432389
G105R,0.339773547
F106R,0.298649825
P107R,0.208972593
F109R,0.4906384
K111R,0.942392548
K112R,0.952632976
T114R,0.339770333
G115R,1.719829911
E116R,0.29250676
S117R,0.741855177
Y118R,0.30025251
T120R,0.240697428
Q121R,0.288059941
F122R,0.394586485
T123R,0.166525349
N124R,0.585485021
N125R,0.630860223
N126R,0.189957523
I127R,0.198394768
Q128R,1.07694409
I129R,0.485668375
G130R,1.185266002
E131R,1.185842547
G132R,1.371774381
L134R,0.196567476
K135R,0.881226046
L136R,0.232684613
P137R,0.18717345
K138R,0.481960306
L139R,0.091605544
G140R,0.34074894
W141R,0.22029433
V142R,0.076320159
K143R,0.1817571
T144R,0.884413767
K145R,0.125792171
G146R,0.339575629
Q147R,0.085234249
Q148R,0.053695412
D149R,0.109738792
I150R,0.260249292
Q151R,0.312176967
G152R,0.867735272
K153R,0.672351107
I154R,1.260745419
L155R,0.587093877
N156R,0.380416159
V157R,1.479835898
T158R,1.367904638
V159R,0.391574121
I162R,1.048382024
H163R,0.66769823
E164R,0.685946638
G165R,1.059051256
H166R,1.337413735
Y167R,0.375238448
E168R,1.700714684
A169R,0.170066548
S170R,0.589442388
V171R,0.217585901
L172R,0.238686363
C173R,0.8018796
E174R,1.109653531
V175R,0.196769632
E176R,0.722907539
I177R,0.152247606
P178R,0.612886148
Y179R,0.590755813
L180R,0.12755071
P181R,0.286496423
A182R,0.699223747
A183R,0.204229985
P184R,0.416693139
K185R,0.422464942
F186R,0.10502881
A187R,0.134991479
A188R,0.033729344
G189R,0.056336171
V190R,0.094831328
D191R,0.047340669
V192R,0.108495771
G193R,0.155150366
I194R,0.432747085
K195R,0.17649805
D196R,0.546473808
F197R,0.050100876
A198R,0.074424339
I199R,0.051096348
V200R,0.092380089
T201R,0.212421817
D202R,0.106644327
G203R,0.09197686
V204R,0.411064561
F206R,0.092324035
K207R,0.674707516
H208R,0.203451439
E209R,0.116107011
Q210R,0.922785304
N211R,0.276288059
P212R,0.18531187
K213R,0.878412121
Y214R,0.149083023
Y215R,0.173013835
S217R,0.816567111
T218R,0.449642328
L219R,0.248839643
K220R,0.679411987
L222R,0.376632173
K224R,0.945189729
A225R,0.293684835
Q226R,0.164199693
Q227R,1.324952826
T228R,0.798762651
L229R,0.170209199
S230R,0.211053375
K233R,0.848957591
K234R,1.017729838
G235R,0.280952249
S236R,0.201311846
A237R,1.020313345
Y239R,0.265435596
G240R,0.246582149
K241R,0.663764767
A242R,0.161351145
K243R,0.576489573
T244R,0.548820214
K245R,0.907194487
L246R,0.178007142
A247R,0.743438044
I249R,0.280645165
H250R,0.171179534
K251R,1.511159887
I253R,0.160272491
V254R,1.692345525
N255R,0.294868646
K256R,0.243306332
Q258R,1.287345436
D259R,0.321106757
F260R,0.192432212
L261R,0.180158587
H262R,0.157073205
K263R,0.228254303
L264R,0.115301827
T265R,0.13538304
T266R,0.383562258
S267R,1.07012547
L268R,0.445225251
V269R,0.275028548
E271R,0.185098139
Y272R,0.192812882
E273R,0.319445607
I274R,0.069719762
I275R,0.092364373
G276R,0.172616332
T277R,0.071323828
E278R,0.113040458
H279R,0.47010507
L280R,0.220041205
K281R,0.85858763
P282R,0.17698129
D283R,0.340120624
N284R,1.002037918
M285R,0.314027217
K287R,0.58739442
N288R,0.263507849
L291R,0.049707781
A292R,0.106660847
L293R,0.236657898
S294R,0.093372555
I295R,0.058049026
S296R,0.084459385
D297R,0.220143553
A298R,0.057069327
G299R,0.100502081
W300R,0.051152857
G301R,0.069819909
E302R,0.286370322
F303R,0.038928814
I304R,0.681776939
Q306R,0.088635333
L307R,0.258788548
E308R,0.282510925
Y309R,0.273093661
K310R,0.186939941
A311R,0.068857631
A312R,0.65270503
W313R,0.209492274
Y314R,0.108672572
G315R,0.253253737
L317R,1.046821922
V318R,0.266143621
S319R,0.53589827
K320R,0.661391105
V321R,0.382952706
S322R,0.27007096
P323R,0.293663647
Y324R,0.31019943
F325R,0.369562768
P326R,0.375245422
S327R,0.11339008
S328R,0.133217596
Q329R,0.082536021
L330R,0.102233389
C331R,0.079684252
H332R,0.092637417
D333R,0.634672796
C334R,0.232917507
G335R,0.527245278
F336R,0.408428909
K337R,1.013254513
N338R,0.64653783
P339R,0.619904334
E340R,0.995806414
V341R,0.204002696
K342R,0.580421268
N343R,0.513313454
L344R,0.165351262
A345R,0.953824158
V346R,0.359412176
T348R,0.797028962
W349R,0.213362842
T350R,0.62181168
C351R,0.188066609
P352R,0.378861728
N353R,0.231232536
C354R,0.161157885
G355R,0.493691748
E356R,0.832139611
T357R,0.723192255
H358R,0.119751205
D359R,0.063490725
D361R,0.052285186
E362R,0.54391996
N363R,0.059287979
A364R,0.044133715
A365R,0.135463241
L366R,0.271946892
N367R,0.16470203
I368R,0.099938813
E371R,0.184428929
A372R,0.149491374
L373R,0.128012192
V374R,1.356995768
A375R,0.820812285
A376R,0.515458906
G377R,0.489335367
I378R,0.617909149
S379R,1.138803864
D380R,0.280958209
T381R,1.089781434
L382R,0.809443281
N383R,0.79155727
A384R,1.075456419
H385R,1.248958238
G386R,1.045121746
G387R,1.282407563
Y388R,1.305796913
V389R,1.151834654
P391R,0.993399017
A392R,1.027715075
S393R,0.941611671
A394R,1.018037971
G395R,1.016376556
N396R,1.067220792
G397R,1.11441577
L398R,0.308231185
S400R,0.866410243
E401R,0.816483126
N402R,0.927557806
H403R,0.987762888
A404R,1.075004196
T405R,0.928218394
L406R,1.18682426
V407R,1.055715557
V408R,1.251160201
